topic,name
-1,Software Development Solutions
0,Education
1,Real Estate Services
2,Biotherapeutics Development
3,Food Service Providers
4,Venture Capital Investment
5,Dental Services
6,CNC Machining Companies
7,Insurance Services
8,Construction Design Firms
9,Healthcare Solutions
10,Cloud Certification Exams
11,Recruitment & Staffing Services
12,Legal Services
13,Digital Telecommunications Industry
14,Music Distribution Services
15,Online Shopping Deals
16,Blockchain Solutions
17,Freight Logistics Services
18,Mobile App Development
19,Cyber Security Solutions
20,Auto Dealerships
21,Online Gaming Companies
22,Video Production Services
23,GIS & GPS Software Solutions
24,Cleaning Services
25,Printing Services
26,Managed IT Services
27,Optometry Services
28,Tax and Accounting Services
29,Sports Platforms
30,Fashion Apparel
31,Web Design & Marketing Services
32,Digital Marketing Agencies
33,Senior Care Services
34,Travel Services
35,Payment Solutions Providers
36,Pet Care Services
37,Data Analytics Solutions
38,Cannabis-Based Products
39,Dermatology Clinics
40,Computer Telephony Solutions
41,AI Consulting Services
42,Fitness Centers
43,Business Consulting Services
44,Agricultural Technology Platforms
45,Renewable Energy Services
46,Wealth Management Services
47,Solar Services
48,Online Interaction Platforms
49,Boating Services
50,Medical Centers
51,Event Management Services
52,News Media Organizations
53,Book Publishing
54,Water Treatment Companies
55,Web Solutions Providers
56,Diamond Jewelry Retailers
57,Software and Services Companies
58,Beer Distribution
59,Wood Products Manufacturers
60,Precious Metal Exploration
61,Packaging Solutions
62,Virtual Reality Industry
63,Social Media Marketing
64,Digital Marketing Agencies
65,Quantum Technology
66,IT Solutions Providers
67,Multi-Cloud Services
68,Mobile Advertising Solutions
69,Hair & Beauty Products
70,HVAC Services
71,Wine Retailers
72,Mental Health Services
73,Plastic Injection Molding
74,Green Building Solutions
75,Online Art Exchanges
76,Industrial Lighting
77,Local SEO Services
78,ESG Consulting
79,Robotics Products
80,Energy Trading Solutions
81,Waste Management Services
82,Identity Verification Solutions
83,Golf Clubs
84,X-Ray Technology
85,Optical Components & Systems
86,Wood Furniture Manufacturers
87,Banking Services
88,Chiropractic Care
89,Landscaping Services
90,Signage Solutions
91,Code Development Platforms
92,Building Stone Suppliers
93,Oil & Gas Safety Services
94,Physical Therapy Services
95,Aviation Services
96,Window & Door Supplies
97,Pain Management Services
98,Developmental Disability Services
99,Relationship Marketing Platforms
100,Email Validation & Delivery Solutions
101,Orthodontics
102,3D Printing Services
103,Cotton Textile Manufacturing
104,Professional Services Companies
105,Software Solutions Industry
106,Apartment Communities
107,Digital Solutions
108,Shoe Retailers
109,Office Space Solutions
110,Bicycle Retailers
111,Coffee Products & Services
112,Smart City Solutions
113,Stainless Steel & Sugar Industry Services
114,Web Hosting Services
115,Industrial Vision Solutions
116,Payment Processing Solutions
117,Oil & Gas Services
118,Energy Companies
119,Drone Services
120,Theatre Companies
121,Hobby & Leisure Brands
122,Medical Imaging Services
123,Live Music Promotion Platforms
124,Forex Trading Services
125,Hotel Industry
126,Environmental Solutions
127,Algae Biorefining
128,Chemical Suppliers
129,Moving Services
130,SaaS Solutions
131,Energy Research & Computing Companies
132,Hearing Healthcare Services
133,Entrepreneurial Ecosystems
134,Pump Suppliers
135,Drug & Alcohol Addiction Treatment
136,B2B Services
137,Travel Hire Solutions
138,Flight Simulation Technology
139,Moto Parts Marketplace
140,Odoo Solutions Providers
141,Digital Solutions Providers
142,Information Technology Solutions Providers
143,ERP Software Solutions
144,Credit Solutions Industry
145,Cement Industry
146,Digital Marketing Agencies
147,Glass Products Industry
148,Digital Creative Agencies
149,IT & Business Process Outsourcing Solutions
150,Precast Concrete Solutions
151,Women's Empowerment
152,GIS Solutions
153,Wireless Network Consulting & SSL Certificates
154,Supply Chain Management
155,Sports Betting Industry
156,Lead Generation Companies
157,Interactive STEM Games
158,Floral Suppliers
159,Government Contract Solutions
160,Airport Taxi Services
161,Fintech Companies
162,Resource Management Solutions
163,Pest Control Services
164,Online Commerce Platforms
165,Neurological Devices
166,Wedding Planning Services
167,Crowdfunding Platforms
168,Obstetrics & Gynecology
169,Firearm Supplies
170,Brand Strategy & Design
171,ICT Solutions Providers
172,Podiatry Services
173,Edge Computing Solutions
174,Plumbing Services
175,Business Solutions Software
176,Leadership Coaching
177,Medical Translation Services
178,Telecommunications Engineering
179,Fire Protection Services
180,Mortgage Brokerage
181,Cloud Contracting Platforms
182,Valet & Parking Management
183,Honey Industry
184,Internet Exchange Platforms
185,Fishing Industry
186,Standards & Compliance Organizations
187,Social Learning Platforms
188,Mobile Crane Services
189,Tree Care Services
190,Central Banking
191,Rental Marketplaces
192,Mobile Advertising Solutions
193,SAP Certified Application Associate
194,Electrical Contracting Services
195,Christian Churches
196,Organizational Wellness
